{
  "LLM_PATH": "F:/test/model/models--MediaTek-Research--Breeze-7B-Instruct-v1_0",
  "LORA_PATH": "F:/lora-mr-breeze-7b",
  "COSYVOICE_PATH": "F:/test/model/CosyVoice/pretrained_models/CosyVoice2-0.5B",
  "ZERO_SHOT_PROMPT_WAV": "F:/test/model/CosyVoice/asset/zero_shot_prompt.wav",
  "BUDGET_CHARS": 500,
  "GRACE_TOKENS": 100,
  "USE_RAG": true,
  "REMOTE_HTTP": "http://192.168.192.32:5080/upload",
  "AUTH_TOKEN": "change-me-very-strong-token",
  "BRIDGE_PUSH_URL": "http://192.168.192.84:8000/push"
}