{
  "hash": "8a006136",
  "configHash": "a603139c",
  "lockfileHash": "19f98233",
  "browserHash": "41ae5372",
  "optimized": {
    "axios": {
      "src": "../../axios/index.js",
      "file": "axios.js",
      "fileHash": "15e8e6a1",
      "needsInterop": false
    },
    "chart.js/auto": {
      "src": "../../chart.js/auto/auto.js",
      "file": "chart__js_auto.js",
      "fileHash": "f50b8b27",
      "needsInterop": false
    },
    "chartjs-plugin-zoom": {
      "src": "../../chartjs-plugin-zoom/dist/chartjs-plugin-zoom.esm.js",
      "file": "chartjs-plugin-zoom.js",
      "fileHash": "167db943",
      "needsInterop": false
    },
    "echarts": {
      "src": "../../echarts/index.js",
      "file": "echarts.js",
      "fileHash": "1ef4c424",
      "needsInterop": false
    },
    "vue": {
      "src": "../../vue/dist/vue.runtime.esm-bundler.js",
      "file": "vue.js",
      "fileHash": "2ec221b0",
      "needsInterop": false
    }
  },
  "chunks": {
    "chunk-SVHKTLVG": {
      "file": "chunk-SVHKTLVG.js"
    },
    "chunk-DC5AMYBS": {
      "file": "chunk-DC5AMYBS.js"
    }
  }
}